Row Names,instance_auroc,full_pixel_auroc,anomaly_pixel_auroc
mvtec_bottle,1.0,0.9848388224411764,0.9795612103528114
Mean,1.0,0.9848388224411764,0.9795612103528114
